{
    "time": 
    {
        "name": "Pocket Watch",
        "art": 
        [
        "⠀⠀⠀⠀⠀⠀⠀⠀⢀⣀⣀⣀⠀⠀⠀⠀⠀⠀⣤⣀⡤⠀⠀⠀⠀⠀⠀⠀⠀⠀",
"⠀⠀⠀⠀⠀⠀⢀⡤⣿⣉⣉⣽⠷⣤⡀⠀⢀⡾⠉⣿⠁⠀⠀⠀⠀⠀⠀⠀⠀⠀",
"⠀⠀⠀⠀⠀⢰⣏⣠⡾⠋⠁⠻⣦⣨⡿⠛⠛⣷⠾⠃⠀⠀⠀⠀⠀⠀⠀⠀⠀⠀",
"⠀⠀⠀⠀⠀⠠⣟⠙⣷⠀⠀⠀⠀⠉⠻⠾⠛⠋⠀⠀⠀⠀⠀⠀⠀⠀⠀⠀⠀⠀",
"⠀⠀⠀⠀⠀⠀⢻⣤⣿⣄⠀⠀⠀⠀⠀⠀⠀⠀⠀⠀⠀⠀⠀⠀⠀⠀⠀⠀⠀⠀",
"⠀⠀⠀⠀⠀⠀⢸⣇⣀⣽⠂⠀⠀⠀⠀⠀⠀⠀⠀⣀⡀⠀⡀⠀⠀⠀⠀⠀⠀⠀",
"⠀⠀⠀⠀⠀⠀⠀⠉⠹⠇⠀⠀⠀⠀⠀⠀⠀⠀⠀⣿⣿⣦⠘⣦⡀⠀⠀⠀⠀⠀",
"⠀⠀⠀⠀⠀⠀⢀⣠⣶⡾⠿⠿⠿⣶⣦⣄⠀⠀⠀⣿⣿⣿⣧⠘⣷⡀⠀⠀⠀⠀",
"⠀⠀⠀⠀⠀⣴⡿⠋⣁⣤⣶⣶⣶⣤⡉⠻⣷⣄⠀⣿⣿⣿⣿⣇⠸⣧⠀⠀⠀⠀",
"⠀⠀⠀⠀⣼⡟⢠⡞⠻⣿⣿⣿⣿⣿⣿⣦⡈⢿⡆⢻⣿⣿⣿⣿⡀⢿⠀⠀⠀⠀",
"⠀⠀⠀⠀⣿⠁⣾⣿⣶⣌⡙⠻⠿⢿⣿⣿⡇⢸⡇⠈⢿⣿⣿⣿⡇⢸⠀⠀⠀⠀",
"⠀⠀⠀⠀⣿⡄⢹⣿⣿⣿⣿⣶⣶⣦⣿⣿⠇⣸⡇⠀⠈⢿⣿⣿⡇⠀⠀⠀⠀⠀",
"⠀⠀⠀⠀⠘⣷⡄⠻⣿⣿⣿⣿⣿⣿⡿⠋⣰⡿⠁⠀⠀⠈⠻⡿⠃⠀⠀⠀⠀⠀",
"⠀⠀⠀⠀⠀⠈⠻⢷⣦⣌⣉⣉⣉⣡⣴⡿⠋⠀⠀⠀⠀⠀⠀⠀⠀⠀⠀⠀⠀⠀",
"⠀⠀⠀⠀⠀⠀⠀⠀⠉⠙⠛⠛⠛⠉⠁⠀⠀⠀⠀⠀⠀⠀⠀⠀⠀⠀⠀⠀⠀⠀"
        
        ]
    },

    "fire":
    {
        "name": "Torch",
        "art":
        [
"⠀⠀⠀⠀⠀⠀⠀⠀⠀⠀⠀⠀⠀⠀⠀⠀⠀⠀⠀⠀⠀⠀⠀⠀⠀⠀⠀⠀⠀⠀",
"⠀⠀⠀⠀⠀⠀⠀⠀⠀⠀⠀⠀⠀⠀⠀⠀⠀⠀⠀⠀⠀⠀⠀⠀⠀⠀⠀⢀⠀⠀",
"⠀⠀⠀⠀⠀⠀⠀⠀⠀⠀⠀⠀⠀⠀⠀⠀⣴⣿⣀⣀⣤⣴⡞⠀⠀⣀⣴⣿⠀⠀",
"⠀⠀⠀⠀⠀⠀⠀⠀⠀⠀⠀⠀⠀⠀⠀⣸⣿⠿⣿⣿⢿⣿⣷⣶⣿⣿⣿⡟⠀⠀",
"⠀⠀⠀⠀⠀⠀⠀⠀⠀⠀⠀⠀⠀⠀⠀⣿⡏⠀⠈⠁⠘⠿⠟⠛⢉⣽⣿⠃⠀⠀",
"⠀⠀⠀⠀⠀⠀⠀⠀⠀⠀⠀⠀⠀⠀⣠⡘⠃⠀⠀⠀⠀⠀⠀⢰⣿⣿⣋⣀⡄⠀",
"⠀⠀⠀⠀⠀⠀⠀⠀⠀⠀⠀⠀⣠⣾⣿⣿⣦⠀⠀⠀⠀⠀⣀⣬⣿⣿⡿⠋⠀⠀",
"⠀⠀⠀⠀⠀⠀⠀⠀⠀⠀⠀⢸⣿⣿⣿⣿⣿⣷⣄⠀⣀⣀⣻⣿⣏⣉⠀⠀⠀⠀",
"⠀⠀⠀⠀⠀⠀⠀⠀⠀⢀⣴⣦⡙⢿⣿⣿⣿⣿⣿⡷⠈⠙⠛⠛⠋⠁⠀⠀⠀⠀",
"⠀⠀⠀⠀⠀⠀⠀⢀⣴⣿⣿⣿⣿⣄⠙⢿⠿⠛⠁⠀⠀⠀⠀⠀⠀⠀⠀⠀⠀⠀",
"⠀⠀⠀⠀⠀⠀⣠⣿⣿⣿⣿⣿⡿⠛⠁⠀⠀⠀⠀⠀⠀⠀⠀⠀⠀⠀⠀⠀⠀⠀",
"⠀⠀⠀⠀⢠⣾⣿⣿⣿⣿⠟⠁⠀⠀⠀⠀⠀⠀⠀⠀⠀⠀⠀⠀⠀⠀⠀⠀⠀⠀",
"⠀⠀⢀⣴⣿⣿⣿⠿⠋⠀⠀⠀⠀⠀⠀⠀⠀⠀⠀⠀⠀⠀⠀⠀⠀⠀⠀⠀⠀⠀",
"⠀⠠⣿⣿⠟⠋⠁⠀⠀⠀⠀⠀⠀⠀⠀⠀⠀⠀⠀⠀⠀⠀⠀⠀⠀⠀⠀⠀⠀⠀",
"⠀⠀⠉⠁⠀⠀⠀⠀⠀⠀⠀⠀⠀⠀⠀⠀⠀⠀⠀⠀⠀⠀⠀⠀⠀⠀⠀⠀⠀⠀"
        ]
    },

    "electricity":
    {
        "name": "Light Switch",
        "art":
        [
"     .----------.",
"     |   ~ON~   |",
"     |   ____   |",
"     |  |.--.|  |",
"     |  ||  ||  |",
"     |  ||__||  |",
"     |  ||\\ \\|  |",
"     |  |\\ \\_\\  |",
"     |  |_\\[_]  |",
"     |          |",
"     |  ~OFF~   |",
"     '----------'"            
        ]

    },

    "food":
    {
        "name": "Food",
        "art":
        [
"         (",
"          )",
"     __..---..__",
" ,-='  /  |  \\  `=-.",
":--..___________..--;",
" \\.,_____________,./   "         
        ]

    },

    "book":
    {
        "name": "Book",
        "art":
        [
"      __...--~~~~~-._   _.-~~~~~--...__",
"    //               `V'               \\\\", 
"   //                 |                 \\\\ ",
"  //__...--~~~~~~-._  |  _.-~~~~~~--...__\\\\ ",
" //__.....----~~~~._\\ | /_.~~~~----.....__\\\\",
"====================\\\\|//====================",
"                    `---`            "
        ]
    },

    "globe":
    {
        "name": "Globe",
        "art":
        [
"            ___,",
"       _.-'` __|__",
"     .'  ,-:` \\;',`'-,",
"    /  .'-;_,;  ':-;_,'.",
"   /  /;   '/    ,  _`.-\\",
"  |  | '`. (`     /` ` \\`|",
"  |  |:.  `\\`-.   \\_   / |",
"  |  |     (   `,  .`\\ ;'|",
"   \\  \\     | .'     `-'/",
"    \\  `.   ;/        .'",
"     '._ `'-._____.-'`",
"        `-.____|",
"          _____|_____",
"         /___________\\ "           
        ]
    },

    "mirror":
    {
        "name": "Mirror",
        "art":
        [
"       ___",
"      /   `\\",
"      \\ //  \\",
"       \\   //\\",
"        \\__ _/",
"           |\\",
"           | \\",
"           \\__| "           
        ]
    },

    "room":
    {
        "name": "Room",
        "art":
        [
"0================================================0",
"|'.                    (|)                     .'|",
"|  '.                   |                    .'  |",
"|    '.                |O|                 .'    |",
"|      '. ____________/===\\_____________ .'      |",
"|        :            `\"/`  ______     :     .. |",
"|        :     mmmmmmm  V   |--%%--|    :   .'|| |",
"|        :     |  |  |      |-%%%%-|    :  |  || |",
"|        :     |--|--| @@@  |=_||_=|    :  I  || |",
"|        :     |__|__|@@@@@ |_\\__/_|    :  |  || |",
"|        :             \\|/   ____       :  |  || |",
"|        :;;       .'``(_)```\\__/````:  :  |  || |",
"|        :||___   :================:'|  :  | 0+| |",
"|        :||===)  | |              | |  :  |  || |",
"|        ://``\\__|_|______________|_|__:  I  || |",
"|      .'/'    \\' | '              | '   '.|  || |",
"|    .'           |                |       '. || |",
"|  .'                                        '|| |",
"|.'                                            '.|",
"0================================================0  "          
        ]
    },

    "graveyard":
    {
        "name": "Graveyard",
        "art":
        [
"        _.---,._,'",
"       /' _.--.<",
"         /'     `'",
"       /' _.---._____",
"       \\.'   ___, .-'`",
"           /'    \\             .",
"         /'       `-.          -|-",
"        |                       |",
"        |                   .-'~~~`-.",
"        |                 .'         `.",
"        |                 |  R  I  P  |",
"        |                 |           |",
"        |                 |           |",
"         \\              \\|           |//",
"   ^^^^^^^^^^^^^^^^^^^^^^^^^^^^^^^^^^^^^^^^^^^^^^^^^^^^^^^^^^"
        ]
    },

    "water":
    {
        "name": "Water",
        "art":
        [
"          /`  _\\",
"          |  / 0|--.",
"     -   / \\_|0`/ /.`'._/)",
" - ~ -^_| /-_~ ^- ~_` - -~ _",
" -  ~  -| |   - ~ -  ~  -",
"        \\ \\, ~   -   ~",
"         \\_|            "
        ]
    },

    "technology":
    {
        "technology": "Television",
        "art":
        [
".---..-----------------------------------------------..---.",
"|   ||.---------------------------------------------.||   |",
"| o ||| _0_o O/oo  _0_ \\O/ _   _0_  O_0_o_O/ooO _0_ ||| o |",
"| _ |||O oo _0_ _0_o\\O  _O/~'       O oo__0_ _0_o\\O ||| _ |",
"|(_)|||_0_ \\O oo        /)    _0_ \\O_0_ \\O oo       |||(_)|",
"|   |||---------------------------------------------|||   |",
"|.-.|||     __....------------------------....___   |||.-.|",
"| o |||---''                         _.--._      `  ||| o |",
"|`-'|||             _.--._          'O---O-'        |||`-'|",
"|   |||     _.--._ 'O---O-'_.--._  _.--._           |||   |",
"|.-.|||    'O---O-'       'O---O-''O---O-'          |||.-.|",
"| O |||__,,...,----------------------....___        ||| O |",
"|`-'||`---------------------------------------------'||`-'|",
"`---'`-----------------------------------------------'`---'",
"       _||_                                     _||_",
"      /____\\                                   /____\\"                      
        ]
    },

    "bath":
    {
        "name": "Bathtub",
        "art":
        [
"⠀⠀⠀⠀⠀⠀⠀⠀⠀⠀⠀⠀⠀⠀⠀⠀⠀⠀⠀⠀⠀⠀⠀⠀⠀⣀⣀⠀⠀⠀",
"⠀⠀⠀⠀⠀⠀⠀⠀⠀⠀⠀⠀⠀⠀⠀⠀⠀⠀⠀⠀⠀⠀⠀⠰⠛⠉⠙⢿⡄⠀",
"⠀⠀⠀⠀⠀⠀⠀⠀⠀⠀⠀⠀⠀⠀⠀⠀⠀⠀⠀⠀⠈⠛⢿⣧⠀⠀⠀⢸⡇⠀",
"⠀⠀⠀⠀⠀⠀⠀⠀⠀⠀⠀⠀⠀⠀⠀⠀⠀⠀⠀⠀⠀⠀⠀⠉⠀⠀⠀⢸⡇⠀",
"⠀⠀⠀⠀⠀⠀⠀⠀⠀⠀⠀⠀⠀⠀⠀⠀⠀⠀⠀⠀⠀⠀⠀⠀⠀⠀⠀⢸⡇⠀",
"⠀⠀⠀⠀⠀⠀⠀⠀⠀⠀⠀⠀⠀⠀⠀⠀⠀⠀⠀⠀⠀⠀⠀⠀⠀⠀⠀⢸⡇⠀",
"⠀⠀⠀⠀⠀⠀⠀⠀⠀⠀⠀⠀⠀⠀⠀⠀⠀⠀⠀⠀⠀⠀⠀⠀⠀⠀⠀⢸⡇⠀",
"⠀⠀⠀⠀⠀⠀⠀⠀⠀⠀⠀⠀⠀⠀⠀⠀⠀⠀⠀⠀⠀⠀⠀⠀⠀⠀⠀⠸⠇⠀",
"⠀⣤⣤⣤⣤⣤⣤⣤⣤⣤⣤⣤⣤⣤⣤⣤⣤⣤⣤⣤⣤⣤⣤⣤⣤⣤⣤⣤⣤⠀",
"⠀⢠⣤⣤⣤⣤⣤⣤⣤⣤⣤⣤⣤⣤⣤⣤⣤⣤⣤⣤⣤⣤⣤⣤⣤⣤⣤⣤⡄⠀",
"⠀⠘⣿⣿⣿⣿⣿⣿⣿⣿⣿⣿⣿⣿⣿⣿⣿⣿⣿⣿⣿⣿⣿⣿⣿⣿⣿⣿⠁⠀",
"⠀⠀⢻⣿⣿⣿⣿⣿⣿⣿⣿⣿⣿⣿⣿⣿⣿⣿⣿⣿⣿⣿⣿⣿⣿⣿⣿⡏⠀⠀",
"⠀⠀⠈⢿⣿⣿⣿⣿⣿⣿⣿⣿⣿⣿⣿⣿⣿⣿⣿⣿⣿⣿⣿⣿⣿⣿⡟⠀⠀⠀",
"⠀⠀⠀⠀⠀⣀⠀⠀⠀⠀⠀⠀⠀⠀⠀⠀⠀⠀⠀⠀⠀⠀⠀⠀⠀⣀⠀⠀⠀⠀",
"⠀⠀⠀⠀⠘⠁⠀⠀⠀⠀⠀⠀⠀⠀⠀⠀⠀⠀⠀⠀⠀⠀⠀⠀⠀⠙⠃⠀⠀⠀  "          
        ]
    },

    "sphinx":
    {
        "name:": "Sphinx",
        "art":
        [
"                       ___",
"                     .\"///\".",
"                    /|<> <>!\\",
"                   /-|  ^  !-\\",
"                  /-- \\_=_/ --\\",
"                  )---| W |---(",
"                 /-\\--| W |--/-\\",
"                (_-_--|_-_|--___)",
"               (-___  -_-- _-- -_)",
"               )-_ _--_ _ ___--__|",
"               (___ --__  __ __--(",
"              /-_  / __ -_ -__  \\_\\",
"             _>/  -- /|___| _ \\ -_ )",
"            /--  _ - _/ _ \\>\\ -  -- \\",
"           ( / / /   > |~l \\   \\ \\ \\_)",
"           | |-' | |/  \"\"\"  \\| |   |_|",
"           L_|_|_|_/         L_L_|_l_)  "          
        ] 
    },

    "death":
    {
        "name": "Death",
        "art":
        [
"      .sSSSSSSSs",
"      sSS=\"\"^^^\"s",
"   , /  \\_\\_\\|_/_)",            
"  /| \\\\\\/.-. .-./",
" /. \\,S'  -   - |",
" | '.SS     _|  ; ",
" |'-.SS\\   __  /S⠀⠀⠀⠀⠀⠀⠀⠀⣀⣤⣄⡀⠀⠀⠀⠀⠀⠀⠀⠀⠀",
"  \\' SSS\\_____/SS⠀⠀⠀⠀⠀⠀⠀⣾⣿⣿⣿⣿⡆⠀⠀⠀⠀⠀⠀⠀⠀",
"   \\_SSS[_____]SS⠀⠀⠀⠀⠀⠀⠀⣿⣿⣿⣿⣿⡏⢀⣀⡀⠀⠀⠀⠀⠀",
"      ⠀⠀⣠⣤⣦⡄⠀⠀⠀⠀⠀⠀⠀⠀⠀⠀⠈⠛⠿⣟⣋⣼⣽⣾⣽⣦⡀⠀⠀⠀",
"      ⢀⣼⣿⣷⣾⡽⡄⠀⠀⠀⠀⠀⠀⠀⣴⣶⣶⣿⣿⣿⡿⢿⣟⣽⣾⣿⣿⣦⠀⠀",
"      ⣸⣿⣿⣾⣿⣿⣮⣤⣤⣤⣤⡀⠀⠀⠻⣿⡯⠽⠿⠛⠛⠉⠉⢿⣿⣿⣿⣿⣷⡀",
"      ⣿⣿⢻⣿⣿⣿⣛⡿⠿⠟⠛⠁⣀⣠⣤⣤⣶⣶⣶⣶⣷⣶⠀⠀⠻⣿⣿⣿⣿⣇",
"      ⢻⣿⡆⢿⣿⣿⣿⣿⣤⣶⣾⣿⣿⣿⣿⣿⣿⣿⣿⣿⠿⠟⠀⣠⣶⣿⣿⣿⣿⡟",
"      ⠈⠛⠃⠈⢿⣿⣿⣿⣿⣿⣿⠿⠟⠛⠋⠉⠁⠀⠀⠀⠀⣠⣾⣿⣿⣿⠟⠋⠁⠀",
"   ⠀⠀⠀   ⠀⠀⠙⢿⣿⣿⡏⠀⠀⠀⠀⠀⠀⠀⠀⠀⠀⣴⣿⣿⣿⠟⠁⠀⠀⠀⠀",
"   ⠀⠀⠀⠀⠀⠀   ⢸⣿⣿⡇⠀⠀⠀⠀⠀⠀⠀⠀⠀⣼⣿⣿⣿⠋⠀⠀⠀⠀⠀⠀",
"   ⠀⠀⠀⠀⠀⠀   ⢸⣿⣿⣿⠀⠀⠀⠀⠀⠀⠀⠀⢸⣿⣿⣿⠁⠀⠀⠀⠀⠀⠀⠀",
"   ⠀⠀⠀⠀⠀⠀   ⢸⣿⣿⣿⠀⠀⠀⠀⠀⠀⠀⠀⠸⣿⣿⠇⠀⠀⠀⠀⠀⠀⠀⠀",
" ⠀⠀  ⠀⠀⠀⠀   ⢸⣿⣿⣿⠀⠀⠀⠀⠀⠀⠀⠀⠀⠀⠀⠀⠀⠀⠀⠀⠀⠀⠀⠀",
" ⠀⠀⠀⠀  ⠀⠀   ⣼⣿⣿⡇⠀⠀⠀⠀⠀⠀⠀⠀⠀⠀⠀⠀⠀⠀⠀⠀⠀⠀⠀⠀",
" ⠀⠀⠀⠀⠀⠀     ⠻⣿⡿⠁⠀⠀⠀⠀⠀⠀⠀⠀⠀⠀⠀⠀⠀⠀⠀⠀⠀⠀⠀⠀"
        ]
    },

    "dog":
    {
        "name": "Dog",
        "art":
        [
"     |\\_/|                  ",
"     | @ @                 ",
"     |   <>              _  ",
"     |  _/\\------____ ((| |))",
"     |               `--' |   ",
" ____|_       ___|   |___.'  ",
"/_/_____/____/_______|"
        ]
    },

    "money":
    {
        "name": "Money",
        "art":
        [
"⠀⠀⠀⠀⠀⠀⠀⠀⠀⠀⠀⠀⠀⠀⠀⠀⣀⡴⠚⠙⠲⢤⡀⠀⠀⠀⠀⠀⠀⠀",
"⠀⠀⠀⠀⠀⠀⠀⠀⠀⠀⠀⠀⠀⠀⠴⢊⣥⣤⣤⣤⣶⣦⣍⠓⠦⣄⠀⠀⠀⠀",
"⠀⠀⠀⠀⠀⠀⠀⠀⠀⠀⠀⢀⣠⣦⣈⠙⠻⢿⣿⡛⣻⣿⣿⣿⠂⠈⠙⢦⡄⠀",
"⠀⠀⠀⠀⠀⠀⢀⡀⠀⠠⣶⣿⣿⣿⣿⣿⣶⣤⣈⠙⠻⢿⡿⠟⣀⠴⢚⣻⠆⠀",
"⠀⠀⠀⠀⡠⠔⣩⣴⣿⣦⣄⠙⠻⢿⣿⣿⣿⣿⣿⣿⡶⠀⠀⢋⡡⠖⢉⡽⠂⠀",
"⠀⢠⣔⠋⠀⠀⣿⣿⣿⡟⠛⣿⣶⣤⡈⠛⠿⡿⠟⢁⣤⣾⠀⢉⡤⠚⣡⠝⠃⠀",
"⠀⠤⣎⡙⠲⣌⡛⠿⣿⣿⣿⣿⣿⡿⠟⣃⠤⠀⣾⣿⣿⣿⠀⣁⠔⠊⠀⠀⠀⠀",
"⠀⠐⢿⣉⠓⠦⣍⡒⠬⣁⠀⢀⣠⠔⣋⠵⠂⠀⣿⣿⣿⠟⠀⠁⠀⠀⠀⠀⠀⠀",
"⠀⠘⠳⣌⡙⠲⣄⡙⠲⢬⣉⣉⠴⠋⣡⠔⢋⠀⠟⠋⠀⠀⠀⠀⠀⠀⠀⠀⠀⠀",
"⠀⠀⠀⠀⠙⠲⢤⣉⠓⢦⣈⣡⠖⢋⡠⠖⠉⠀⠀⠀⠀⠀⠀⠀⠀⠀⠀⠀⠀⠀",
"⠀⠀⠀⠀⠀⠀⠀⠈⠓⠦⣌⡤⠖⠉⠀⠀⠀⠀⠀⠀⠀⠀⠀⠀⠀⠀⠀⠀⠀⠀"
        ]
    }
        
}